File,Allowed,Blocked,Percentage Allowed,Percentage Blocked
Lookalikes_results.csv,10,0,100.00%,0.00%
DNS_Tunnel_Test_results.csv,10,0,100.00%,0.00%
Threat_Actors_results.csv,10,0,100.00%,0.00%
Emerging_Domains_results.csv,10,0,100.00%,0.00%
Malicious_Domains_results.csv,10,0,100.00%,0.00%
TDS_results.csv,10,0,100.00%,0.00%
Encrypted_DNS_results.csv,10,0,100.00%,0.00%
DGAS_&_RDGAS_results.csv,10,0,100.00%,0.00%
Phishing_results.csv,10,0,100.00%,0.00%
Command_&_Control_results.csv,9,1,90.00%,10.00%
High_Risk_results.csv,10,0,100.00%,0.00%
